,Brand,Price,Product,Stock
78,Tom Ford Beauty,$123.00,Sheer Highlighting Duo,In stock
66,Natasha Denona,$129.00,Sculpt & Glow Face Highlighting & Contour Glow Palette,In stock
36,Fenty Beauty,$139.00$97.30(30%),Avalanche All-Over Metallic Powder Set (Limited Edition),In stock
17,Sephora Collection,$19.00,Holographic Effect Stick Highlighter (Limited Edition 2018),In stock
29,tarte,$20.00,Mermaid Face Jewels (Limited Edition),In stock
54,Sephora Collection,$20.00,Wonderful Cushion Luminizer,In stock
28,Kat Von D Beauty,$20.00,Alchemist Holographic Transformer,In stock
86,tarte,$20.00,Mermaid Body Jewels (Limited Edition),In stock
112,GUERLAIN,$219.00,Meteorites Voyage Exceptional Compacted Pearls Of Powder,In stock
101,ZOEVA,$22.00,Spice of Life Highlighter,In stock
38,ZOEVA,$24.00,Strobe Gel,In stock
53,ZOEVA,$25.00,Screen Queen Highlighter Palette,In stock
60,ZOEVA,$25.00,Premiere Highlighter + Blush Palette,In stock
33,BECCA,$25.00,Shimmering Skin Perfector 20ml,In stock
25,Sephora Collection,$26.00,Face Shimmering Powder,In stock
74,3CE,$26.00,Magic Touch Face Maker,In stock
1,Benefit Cosmetics,$28.00,Dandelion Twinkle Powder Highlighter,In stock
16,tarte,$29.00,Tarteist™ PRO Glow to Go Palette,In stock
39,tarte,$29.00,Lip Bling Highlighting Lip Paint (Limited Edition),In stock
99,3CE,$29.00,3CE Bright Beam Stick,In stock
50,First Aid Beauty,$32.00,Hello FAB Mango Butter Multi-Stick,In stock
68,Make Up For Ever,$33.00,Artist Face Colors Pressed Powder,In stock
23,Fenty Beauty,$33.00$23.10(30%),Mini Fairy Bomb Fun-Sized Glittering Pom Pom (Limited Edition),In stock
119,BECCA,$340.00$238.00(30%),The ULTIMATE Collectors Collection - Shimmering Skin Perfector Vault,Out of Stock
70,Kat Von D Beauty,$35.00,Metal Crush Liquid Highlighter,In stock
3,BECCA,$35.00,Glow On The Go Kit,In stock
88,Nudestix,$35.00,Sculpting Pencil,In stock
51,Make Up For Ever,$35.00,Star Lit Powder,In stock
43,Kora Organics By Miranda Kerr,$35.00,Luminizer,In stock
10,Fenty Beauty,$37.00,Match Stix Matte Skinstick,In stock
11,Fenty Beauty,$37.00,Match Stix Shimmer Skinstick,In stock
87,tarte,$38.00,Tarteist Pro Glow Liquid Highlighter,In stock
2,tarte,$38.00,Amazonian Clay 12-Hour Highlighter,In stock
69,Wander Beauty,$38.00,Catch the Light Highlighter,In stock
98,tarte,$38.00,Twinkle Stick Highlighter,In stock
19,ZOEVA,$39.00,Strobe Spectrum Palette,In stock
84,Mirenesse,$39.95,Shona Highlight & Glow Kit,In stock
106,Kat Von D Beauty,$40.00,Metal Crush Extreme Highlighter,In stock
111,Mirenesse,$40.00,Shona-Art Stick Up & Glow Face Highlighter,In stock
22,Fenty Beauty,$40.00,Fairy Bomb Shimmer Powder,In stock
79,Make Up For Ever,$41.00,Star Lit Diamond Powder Highlighter,In stock
67,Estée Lauder,$42.00,Double Wear Brush-On Glow BB Highlighter,In stock
58,Nudestix,$42.00,Nudies All Over Face Color Bronze + Glow,In stock
71,Make Up For Ever,$42.00,Star Lit Liquid,In stock
104,Clinique,$42.00,Chubby Stick Sculpting Highlight,In stock
75,Wander Beauty,$43.00,Dualist Matte and Illuminating Concealer,In stock
46,BECCA,$44.00,Skin Love Glow Glaze Stick,In stock
63,Cover FX,$44.00,Shimmer Veil,In stock
56,Cover FX,$44.00,Power Play Concealer,In stock
44,3CE,$45.00,Highlighter,In stock
8,Anastasia Beverly Hills,$45.00,Liquid Glow Face Highlighter,In stock
115,Benefit Cosmetics,$45.00,"Ace That Face! Conceal, Contour, Bronze and Highlight Face Palette (Limited Edition)",Out of Stock
80,Benefit Cosmetics,$45.00,Sun Beam Highlighter,In stock
52,Benefit Cosmetics,$45.00,Dandelion Shy Beam Matte Highlighter,In stock
42,Benefit Cosmetics,$45.00,High Beam Face Highlighter,In stock
100,Pretty Vulgar,$48.00,Shimmering Swan Highlighter,In stock
81,Make Up For Ever,$49.00,Ultra HD Soft Light,In stock
72,Make Up For Ever,$49.00,Ultra HD Soft Light (Limited Edition),In stock
83,Lancôme,$50.00,Click & Glow Strobing Pen,In stock
0,Kat Von D Beauty,$50.00,Alchemist Holographic Palette,In stock
48,tarte,$50.00,Radiance Drops,In stock
9,Fenty Beauty,$50.00,Killawatt Freestyle Highlighter Duo,In stock
35,Fenty Beauty,$50.00,Killawatt Freestyle Highlighter,In stock
110,Cover FX,$52.00,Perfect Highlighting Powder ,In stock
61,Benefit Cosmetics,$53.00,Watt's Up! Highlighter,In stock
102,Antonym,$53.00,Certified Organic Baked Highlighter,In stock
117,BECCA,$54.00,Shimmering Skin Perfector™ Pressed Highlighter Gold Lava (Limited Edition),Out of Stock
113,Natasha Denona,$54.00,Duo Glow Shimmer In Powder,In stock
49,Natasha Denona,$54.00,All Over Glow Face & Body Shimmer Powder,In stock
14,Kat Von D Beauty,$54.00,Metal Crush Extreme Highlighter Palette (Limited Edition),In stock
12,Fenty Beauty,$54.00,Killawatt Foil Freestyle Highlighter Duo (Limited Edition),In stock
97,GIVENCHY,$55.00,Mr Light Glow Instant Light Corrective Pen,In stock
13,Fenty Beauty,$56.00,Diamond Bomb All-Over Diamond Veil,In stock
91,BECCA,$57.00,Shimmering Skin Perfector™ Pressed Highlighter Ocean Glow,In stock
15,BECCA,$58.00,Shimmering Skin Perfector Pressed Highlighter,In stock
89,BECCA,$58.00,Shimmering Skin Perfector Pressed Highlighter (Breast Cancer Awareness Limited Edition),In stock
92,Estée Lauder,$58.00,Double Wear Highlighting Cushion Stick,In stock
55,IT Cosmetics,$58.00,Celebration Foundation Illumination,In stock
90,BECCA,$58.00,Shimmering Skin Perfector Pressed Highlighter (Breast Cancer Awareness Limited Edition),In stock
105,BECCA,$58.00,Shimmering Skin Perfector® Pressed Highlighter Royal Glow (Limited Edition),In stock
118,Cover FX,$59.00,Rose Gold Bar Highlighted Palette,Out of Stock
32,tarte,$60.00,Tarteist™ PRO Glow Highlight & Contour Palette,In stock
94,Natasha Denona,$60.00,Face Glow Cream Shimmer,In stock
37,Kat Von D Beauty,$61.00,Fetish Blush + Highlighter Palette (Limited Edition),In stock
7,Cover FX,$62.00,Custom Enhancer Drops,In stock
57,Marc Jacobs Beauty,$62.00,Glow Stick Glistening Illuminator,In stock
34,BECCA,$62.00,Shimmering Skin Perfector Liquid Highlighter,In stock
64,Wander Beauty,$63.00,On-the-Glow Blush and Illuminator,In stock
41,Marc Jacobs Beauty,$63.00,Dew Drops Coconut Gel Highlighter (Limited Edition),In stock
31,Marc Jacobs Beauty,$63.00,Dew Drops Coconut Gel Highlighter,In stock
116,BECCA,$64.00,Shimmering Skin Perfector™ Pressed Highlighter Parisian Lights (Limited Edition),Out of Stock
6,BECCA,$64.00,Shimmering Skin Perfector Pressed Highlighter Vanilla Quartz,In stock
21,Kat Von D Beauty,$65.00,Shade + Light Contour Palette,In stock
107,GUERLAIN,$68.00,Precious Light - Rejuvenating Illuminator,In stock
27,Marc Jacobs Beauty,$68.00,O!mega Glaze All-Over Foil Luminizer (Limited Edition),In stock
30,Cover FX,$68.00,Glam & Glow Liquid Lights Set,In stock
103,Giorgio Armani,$68.00,Armani Highlight,In stock
47,tarte,$69.00,Park Ave Princess Chisel Palette,In stock
76,GIVENCHY,$70.00,Teint Couture Radiant Drop 2-in-1 Highlighter,In stock
4,Anastasia Beverly Hills,$72.00,Sugar Glow Kit,In stock
45,Marc Jacobs Beauty,$72.00,#Instamarc Light Filtering Contour Powder,In stock
85,Anastasia Beverly Hills,$72.00,Aurora Glow Kit,In stock
59,Cover FX,$72.00,Glitter Drops,In stock
95,Anastasia Beverly Hills,$72.00,Moonchild Glow Kit,In stock
73,Tom Ford Beauty,$73.00,Skin Illuminator,In stock
20,Fenty Beauty,$74.00$51.80(30%),Killawatt Foil Freestyle Highlighter Palette (Limited Edition),In stock
40,Pat McGrath,$75.00,Skin Fetish Highlighter & Balm Duo,In stock
93,Yves Saint Laurent,$75.00,Couture Highlighter,In stock
24,Pat McGrath,$75.00,Sublime Skin Highlighting Trio,In stock
26,DIOR BACKSTAGE,$76.00,Glow Face Palette,In stock
109,GIVENCHY,$77.00,Teint Couture Cushion Glow Two-Tone Highlighter,In stock
114,BECCA,$78.00,BECCA x Chrissy Teigen Glow Face Palette,Out of Stock
18,Fenty Beauty,$79.00,Match Stix Trio,In stock
77,Natasha Denona,$79.00,Body Glow,In stock
5,Huda Beauty,$80.00,3D Highlighter Palette,In stock
96,Huda Beauty,$80.00,Highlighter Palette,In stock
108,Kopari,$81.00,Coconut Body Glow,In stock
65,GUERLAIN,$84.00,Meteorites Compact - Light-Revealing Powder,In stock
62,GUERLAIN,$84.00,Meteorites - Light Revealing Pearls Of Powder,In stock
82,Giorgio Armani,$90.00,Fluid Sheer,In stock
